<root><Wagen Mixnummer="13844806" Mixmoment="2014-10-17T06:48:05"><WagenType>P2x</WagenType><Uitvoering>Standaard</Uitvoering><Motor>T3</Motor><Kleur>Wit</Kleur><Bekleding>Zwart leer</Bekleding><KleurInterieur>Wit</KleurInterieur><Maatsysteem>US</Maatsysteem><Taal>Engels</Taal><Onderdelen><Onderdeel Categorie="TopCover"/><Onderdeel Categorie="Glovebox"/><Onderdeel Categorie="Airbag"/><Onderdeel Categorie="Airco"/><Onderdeel Categorie="AirbagSticker"/><Onderdeel Categorie="Alarmknop"/><Onderdeel Categorie="Vizor"/></Onderdelen></Wagen></root>