<root><Wagen Mixnummer="13844934" Mixmoment="2014-10-17T06:50:13"><WagenType>P2x</WagenType><Uitvoering>R-Line</Uitvoering><Motor>T3</Motor><Kleur>Zwart</Kleur><Bekleding>Zwart Stof</Bekleding><KleurInterieur>Cognac</KleurInterieur><Maatsysteem>Metrisch</Maatsysteem><Taal>Russisch</Taal><Onderdelen><Onderdeel Categorie="HeaterButton"/><Onderdeel Categorie="Glovebox"/><Onderdeel Categorie="Airco"/><Onderdeel Categorie="HeaterButton"/><Onderdeel Categorie="Vizor"/><Onderdeel Categorie="Airbag"/><Onderdeel Categorie="AirbagSticker"/><Onderdeel Categorie="TopCover"/><Onderdeel Categorie="Alarmknop"/></Onderdelen></Wagen></root>