<root><Wagen Mixnummer="13844825" Mixmoment="2014-10-17T06:48:24"><WagenType>P2x</WagenType><Uitvoering>Standaard</Uitvoering><Motor>D3</Motor><Kleur>Bruin</Kleur><Bekleding>Grijs leer</Bekleding><KleurInterieur>Cognac</KleurInterieur><Maatsysteem>US</Maatsysteem><Taal>Nederlands</Taal><Onderdelen><Onderdeel Categorie="AirbagSticker"/><Onderdeel Categorie="HeaterButton"/><Onderdeel Categorie="Glovebox"/><Onderdeel Categorie="HeaterButton"/><Onderdeel Categorie="Airbag"/><Onderdeel Categorie="Airco"/><Onderdeel Categorie="TopCover"/><Onderdeel Categorie="Alarmknop"/><Onderdeel Categorie="Vizor"/></Onderdelen></Wagen></root>