<root><Wagen Mixnummer="13844972" Mixmoment="2014-10-17T06:50:51"><WagenType>P2x</WagenType><Uitvoering>R-Line</Uitvoering><Motor>T4</Motor><Kleur>Zwart</Kleur><Bekleding>Grijs leer</Bekleding><KleurInterieur>Antracit</KleurInterieur><Maatsysteem>US</Maatsysteem><Taal>Engels</Taal><Onderdelen><Onderdeel Categorie="HeaterButton"/><Onderdeel Categorie="TopCover"/><Onderdeel Categorie="Glovebox"/><Onderdeel Categorie="HeaterButton"/><Onderdeel Categorie="Airbag"/><Onderdeel Categorie="Airco"/><Onderdeel Categorie="AirbagSticker"/><Onderdeel Categorie="Alarmknop"/><Onderdeel Categorie="Vizor"/></Onderdelen></Wagen></root>