<root><Wagen Mixnummer="13845111" Mixmoment="2014-10-17T06:53:10"><WagenType>P2x</WagenType><Uitvoering>R-Line</Uitvoering><Motor>D4</Motor><Kleur>Antracit</Kleur><Bekleding>Zwart leer</Bekleding><KleurInterieur>Zwart</KleurInterieur><Maatsysteem>Metrisch</Maatsysteem><Taal>Duits</Taal><Onderdelen><Onderdeel Categorie="Glovebox"/><Onderdeel Categorie="Airco"/><Onderdeel Categorie="TopCover"/><Onderdeel Categorie="Vizor"/><Onderdeel Categorie="Airbag"/><Onderdeel Categorie="AirbagSticker"/><Onderdeel Categorie="Alarmknop"/></Onderdelen></Wagen></root>