<root><Wagen Mixnummer="13844882" Mixmoment="2014-10-17T06:49:21"><WagenType>P1x</WagenType><Uitvoering>R-Line</Uitvoering><Motor>D5</Motor><Kleur>Antracit</Kleur><Bekleding>Ivoor leer</Bekleding><KleurInterieur>Antracit</KleurInterieur><Maatsysteem>Metrisch</Maatsysteem><Taal>Duits</Taal><Onderdelen><Onderdeel Categorie="Airco"/><Onderdeel Categorie="HeaterButton"/><Onderdeel Categorie="AirbagSticker"/><Onderdeel Categorie="Glovebox"/><Onderdeel Categorie="Vizor"/><Onderdeel Categorie="TopCover"/><Onderdeel Categorie="Airbag"/><Onderdeel Categorie="Alarmknop"/><Onderdeel Categorie="HeaterButton"/></Onderdelen></Wagen></root>