<root><Wagen Mixnummer="13844804" Mixmoment="2014-10-17T06:48:03"><WagenType>P1x</WagenType><Uitvoering>R-Line</Uitvoering><Motor>T3</Motor><Kleur>Zwart</Kleur><Bekleding>Grijs Stof</Bekleding><KleurInterieur>Zwart</KleurInterieur><Maatsysteem>Metrisch</Maatsysteem><Taal>Nederlands</Taal><Onderdelen><Onderdeel Categorie="AirbagSticker"/><Onderdeel Categorie="Airco"/><Onderdeel Categorie="Glovebox"/><Onderdeel Categorie="Vizor"/><Onderdeel Categorie="Airbag"/><Onderdeel Categorie="TopCover"/><Onderdeel Categorie="Alarmknop"/></Onderdelen></Wagen></root>