<root><Wagen Mixnummer="13845114" Mixmoment="2014-10-17T06:53:13"><WagenType>P1x</WagenType><Uitvoering>RS</Uitvoering><Motor>D2</Motor><Kleur>Zwart</Kleur><Bekleding>Grijs leer</Bekleding><KleurInterieur>Zwart</KleurInterieur><Maatsysteem>Metrisch</Maatsysteem><Taal>Chinees</Taal><Onderdelen><Onderdeel Categorie="Airco"/><Onderdeel Categorie="Glovebox"/><Onderdeel Categorie="Vizor"/><Onderdeel Categorie="AirbagSticker"/><Onderdeel Categorie="Airbag"/><Onderdeel Categorie="TopCover"/><Onderdeel Categorie="Alarmknop"/></Onderdelen></Wagen></root>