<root><Wagen Mixnummer="13844863" Mixmoment="2014-10-17T06:49:02"><WagenType>P1x</WagenType><Uitvoering>R-Line</Uitvoering><Motor>D4</Motor><Kleur>Antracit</Kleur><Bekleding>Zwart leer</Bekleding><KleurInterieur>Wit</KleurInterieur><Maatsysteem>US</Maatsysteem><Taal>Frans</Taal><Onderdelen><Onderdeel Categorie="AirbagSticker"/><Onderdeel Categorie="TopCover"/><Onderdeel Categorie="Glovebox"/><Onderdeel Categorie="Airbag"/><Onderdeel Categorie="Airco"/><Onderdeel Categorie="Alarmknop"/><Onderdeel Categorie="Vizor"/></Onderdelen></Wagen></root>