<root><Wagen Mixnummer="13845087" Mixmoment="2014-10-17T06:52:46"><WagenType>P1x</WagenType><Uitvoering>Standaard</Uitvoering><Motor>D4</Motor><Kleur>Zwart</Kleur><Bekleding>Ivoor Stof</Bekleding><KleurInterieur>Antracit</KleurInterieur><Maatsysteem>Metrisch</Maatsysteem><Taal>Engels</Taal><Onderdelen><Onderdeel Categorie="Airco"/><Onderdeel Categorie="AirbagSticker"/><Onderdeel Categorie="Glovebox"/><Onderdeel Categorie="Vizor"/><Onderdeel Categorie="TopCover"/><Onderdeel Categorie="Airbag"/><Onderdeel Categorie="Alarmknop"/></Onderdelen></Wagen></root>