<root><Wagen Mixnummer="13844758" Mixmoment="2014-10-17T06:47:17"><WagenType>P2x</WagenType><Uitvoering>Standaard</Uitvoering><Motor>D5</Motor><Kleur>Rood</Kleur><Bekleding>Zwart Stof</Bekleding><KleurInterieur>Zwart</KleurInterieur><Maatsysteem>Metrisch</Maatsysteem><Taal>Duits</Taal><Onderdelen><Onderdeel Categorie="Glovebox"/><Onderdeel Categorie="Airco"/><Onderdeel Categorie="TopCover"/><Onderdeel Categorie="Vizor"/><Onderdeel Categorie="Airbag"/><Onderdeel Categorie="AirbagSticker"/><Onderdeel Categorie="Alarmknop"/></Onderdelen></Wagen></root>