<root><Wagen Mixnummer="13845184" Mixmoment="2014-10-17T06:54:23"><WagenType>P1x</WagenType><Uitvoering>R-Line</Uitvoering><Motor>T5</Motor><Kleur>Bruin</Kleur><Bekleding>Zwart leer</Bekleding><KleurInterieur>Wit</KleurInterieur><Maatsysteem>Metrisch</Maatsysteem><Taal>Frans</Taal><Onderdelen><Onderdeel Categorie="Airco"/><Onderdeel Categorie="AirbagSticker"/><Onderdeel Categorie="TopCover"/><Onderdeel Categorie="Vizor"/><Onderdeel Categorie="Glovebox"/><Onderdeel Categorie="Airbag"/><Onderdeel Categorie="Alarmknop"/></Onderdelen></Wagen></root>