<root><Wagen Mixnummer="13844797" Mixmoment="2014-10-17T06:47:56"><WagenType>P1x</WagenType><Uitvoering>Standaard</Uitvoering><Motor>D4</Motor><Kleur>Wit</Kleur><Bekleding>Mixed Stof</Bekleding><KleurInterieur>Wit</KleurInterieur><Maatsysteem>Metrisch</Maatsysteem><Taal>Russisch</Taal><Onderdelen><Onderdeel Categorie="Airco"/><Onderdeel Categorie="HeaterButton"/><Onderdeel Categorie="TopCover"/><Onderdeel Categorie="Vizor"/><Onderdeel Categorie="Glovebox"/><Onderdeel Categorie="AirbagSticker"/><Onderdeel Categorie="Airbag"/><Onderdeel Categorie="Alarmknop"/><Onderdeel Categorie="HeaterButton"/></Onderdelen></Wagen></root>