<root><Wagen Mixnummer="13844803" Mixmoment="2014-10-17T06:48:02"><WagenType>P1x</WagenType><Uitvoering>R-Line</Uitvoering><Motor>D4</Motor><Kleur>Zwart</Kleur><Bekleding>Mixed Stof</Bekleding><KleurInterieur>Antracit</KleurInterieur><Maatsysteem>Metrisch</Maatsysteem><Taal>Spaans</Taal><Onderdelen><Onderdeel Categorie="Airco"/><Onderdeel Categorie="AirbagSticker"/><Onderdeel Categorie="Glovebox"/><Onderdeel Categorie="Vizor"/><Onderdeel Categorie="TopCover"/><Onderdeel Categorie="Airbag"/><Onderdeel Categorie="Alarmknop"/></Onderdelen></Wagen></root>