<root><Wagen Mixnummer="13844947" Mixmoment="2014-10-17T06:50:26"><WagenType>P2x</WagenType><Uitvoering>Standaard</Uitvoering><Motor>T3</Motor><Kleur>Zilver</Kleur><Bekleding>Zwart Stof</Bekleding><KleurInterieur>Ivoor</KleurInterieur><Maatsysteem>US</Maatsysteem><Taal>Engels</Taal><Onderdelen><Onderdeel Categorie="Glovebox"/><Onderdeel Categorie="Airbag"/><Onderdeel Categorie="Airco"/><Onderdeel Categorie="AirbagSticker"/><Onderdeel Categorie="Alarmknop"/><Onderdeel Categorie="TopCover"/><Onderdeel Categorie="Vizor"/></Onderdelen></Wagen></root>