<root><Wagen Mixnummer="13844749" Mixmoment="2014-10-17T06:47:08"><WagenType>P1x</WagenType><Uitvoering>R-Line</Uitvoering><Motor>D5</Motor><Kleur>Antracit</Kleur><Bekleding>Ivoor leer</Bekleding><KleurInterieur>Wit</KleurInterieur><Maatsysteem>Metrisch</Maatsysteem><Taal>Spaans</Taal><Onderdelen><Onderdeel Categorie="Airco"/><Onderdeel Categorie="HeaterButton"/><Onderdeel Categorie="TopCover"/><Onderdeel Categorie="AirbagSticker"/><Onderdeel Categorie="Vizor"/><Onderdeel Categorie="Glovebox"/><Onderdeel Categorie="Airbag"/><Onderdeel Categorie="Alarmknop"/><Onderdeel Categorie="HeaterButton"/></Onderdelen></Wagen></root>