<root><Wagen Mixnummer="13844729" Mixmoment="2014-10-17T06:46:48"><WagenType>P1x</WagenType><Uitvoering>R-Line</Uitvoering><Motor>T5</Motor><Kleur>Rood</Kleur><Bekleding>Mixed Stof</Bekleding><KleurInterieur>Zwart</KleurInterieur><Maatsysteem>Metrisch</Maatsysteem><Taal>Spaans</Taal><Onderdelen><Onderdeel Categorie="Airco"/><Onderdeel Categorie="Glovebox"/><Onderdeel Categorie="HeaterButton"/><Onderdeel Categorie="AirbagSticker"/><Onderdeel Categorie="Vizor"/><Onderdeel Categorie="Airbag"/><Onderdeel Categorie="TopCover"/><Onderdeel Categorie="Alarmknop"/><Onderdeel Categorie="HeaterButton"/></Onderdelen></Wagen></root>