<root><Wagen Mixnummer="13845102" Mixmoment="2014-10-17T06:53:01"><WagenType>P1x</WagenType><Uitvoering>Standaard</Uitvoering><Motor>T5</Motor><Kleur>Antracit</Kleur><Bekleding>Grijs Stof</Bekleding><KleurInterieur>Zwart</KleurInterieur><Maatsysteem>US</Maatsysteem><Taal>Spaans</Taal><Onderdelen><Onderdeel Categorie="Glovebox"/><Onderdeel Categorie="AirbagSticker"/><Onderdeel Categorie="Airbag"/><Onderdeel Categorie="Airco"/><Onderdeel Categorie="TopCover"/><Onderdeel Categorie="Alarmknop"/><Onderdeel Categorie="Vizor"/></Onderdelen></Wagen></root>