<root><Wagen Mixnummer="13844961" Mixmoment="2014-10-17T06:50:40"><WagenType>P1x</WagenType><Uitvoering>R-Line</Uitvoering><Motor>T4</Motor><Kleur>Antracit</Kleur><Bekleding>Ivoor Stof</Bekleding><KleurInterieur>Zwart</KleurInterieur><Maatsysteem>Metrisch</Maatsysteem><Taal>Chinees</Taal><Onderdelen><Onderdeel Categorie="Airco"/><Onderdeel Categorie="Glovebox"/><Onderdeel Categorie="Vizor"/><Onderdeel Categorie="AirbagSticker"/><Onderdeel Categorie="Airbag"/><Onderdeel Categorie="TopCover"/><Onderdeel Categorie="Alarmknop"/></Onderdelen></Wagen></root>