<root><Wagen Mixnummer="13845088" Mixmoment="2014-10-17T06:52:47"><WagenType>P2x</WagenType><Uitvoering>Standaard</Uitvoering><Motor>T4</Motor><Kleur>Wit</Kleur><Bekleding>Ivoor leer</Bekleding><KleurInterieur>Ivoor</KleurInterieur><Maatsysteem>US</Maatsysteem><Taal>Frans</Taal><Onderdelen><Onderdeel Categorie="Glovebox"/><Onderdeel Categorie="AirbagSticker"/><Onderdeel Categorie="Airbag"/><Onderdeel Categorie="Airco"/><Onderdeel Categorie="Alarmknop"/><Onderdeel Categorie="TopCover"/><Onderdeel Categorie="Vizor"/></Onderdelen></Wagen></root>