<root><Wagen Mixnummer="13844940" Mixmoment="2014-10-17T06:50:19"><WagenType>P1x</WagenType><Uitvoering>Standaard</Uitvoering><Motor>D2</Motor><Kleur>Blauw</Kleur><Bekleding>Zwart Stof</Bekleding><KleurInterieur>Antracit</KleurInterieur><Maatsysteem>Metrisch</Maatsysteem><Taal>Frans</Taal><Onderdelen><Onderdeel Categorie="Airco"/><Onderdeel Categorie="AirbagSticker"/><Onderdeel Categorie="Glovebox"/><Onderdeel Categorie="Vizor"/><Onderdeel Categorie="TopCover"/><Onderdeel Categorie="Airbag"/><Onderdeel Categorie="Alarmknop"/></Onderdelen></Wagen></root>