<root><Wagen Mixnummer="13845219" Mixmoment="2014-10-17T06:54:58"><WagenType>P2x</WagenType><Uitvoering>RS</Uitvoering><Motor>D3</Motor><Kleur>Zilver</Kleur><Bekleding>Grijs leer</Bekleding><KleurInterieur>Beige</KleurInterieur><Maatsysteem>US</Maatsysteem><Taal>Russisch</Taal><Onderdelen><Onderdeel Categorie="HeaterButton"/><Onderdeel Categorie="Glovebox"/><Onderdeel Categorie="HeaterButton"/><Onderdeel Categorie="Airbag"/><Onderdeel Categorie="Airco"/><Onderdeel Categorie="AirbagSticker"/><Onderdeel Categorie="TopCover"/><Onderdeel Categorie="Alarmknop"/><Onderdeel Categorie="Vizor"/></Onderdelen></Wagen></root>