<root><Wagen Mixnummer="13845210" Mixmoment="2014-10-17T06:54:49"><WagenType>P1x</WagenType><Uitvoering>RS</Uitvoering><Motor>D5</Motor><Kleur>Rood</Kleur><Bekleding>Grijs Stof</Bekleding><KleurInterieur>Cognac</KleurInterieur><Maatsysteem>US</Maatsysteem><Taal>Portugees</Taal><Onderdelen><Onderdeel Categorie="TopCover"/><Onderdeel Categorie="HeaterButton"/><Onderdeel Categorie="Glovebox"/><Onderdeel Categorie="AirbagSticker"/><Onderdeel Categorie="Airbag"/><Onderdeel Categorie="Airco"/><Onderdeel Categorie="Alarmknop"/><Onderdeel Categorie="HeaterButton"/><Onderdeel Categorie="Vizor"/></Onderdelen></Wagen></root>