<root><Wagen Mixnummer="13844964" Mixmoment="2014-10-17T06:50:43"><WagenType>P2x</WagenType><Uitvoering>R-Line</Uitvoering><Motor>T5</Motor><Kleur>Groen</Kleur><Bekleding>Zwart leer</Bekleding><KleurInterieur>Cognac</KleurInterieur><Maatsysteem>Metrisch</Maatsysteem><Taal>Frans</Taal><Onderdelen><Onderdeel Categorie="HeaterButton"/><Onderdeel Categorie="Glovebox"/><Onderdeel Categorie="Airco"/><Onderdeel Categorie="AirbagSticker"/><Onderdeel Categorie="HeaterButton"/><Onderdeel Categorie="Vizor"/><Onderdeel Categorie="Airbag"/><Onderdeel Categorie="TopCover"/><Onderdeel Categorie="Alarmknop"/></Onderdelen></Wagen></root>