<root><Wagen Mixnummer="13845175" Mixmoment="2014-10-17T06:54:14"><WagenType>P2x</WagenType><Uitvoering>Standaard</Uitvoering><Motor>T5</Motor><Kleur>Antracit</Kleur><Bekleding>Zwart Stof</Bekleding><KleurInterieur>Antracit</KleurInterieur><Maatsysteem>Metrisch</Maatsysteem><Taal>Portugees</Taal><Onderdelen><Onderdeel Categorie="HeaterButton"/><Onderdeel Categorie="Airco"/><Onderdeel Categorie="TopCover"/><Onderdeel Categorie="Glovebox"/><Onderdeel Categorie="HeaterButton"/><Onderdeel Categorie="Vizor"/><Onderdeel Categorie="Airbag"/><Onderdeel Categorie="AirbagSticker"/><Onderdeel Categorie="Alarmknop"/></Onderdelen></Wagen></root>