<root><Wagen Mixnummer="13844985" Mixmoment="2014-10-17T06:51:04"><WagenType>P1x</WagenType><Uitvoering>Standaard</Uitvoering><Motor>T3</Motor><Kleur>Antracit</Kleur><Bekleding>Zwart leer</Bekleding><KleurInterieur>Wit</KleurInterieur><Maatsysteem>Metrisch</Maatsysteem><Taal>Nederlands</Taal><Onderdelen><Onderdeel Categorie="AirbagSticker"/><Onderdeel Categorie="Airco"/><Onderdeel Categorie="TopCover"/><Onderdeel Categorie="Vizor"/><Onderdeel Categorie="Glovebox"/><Onderdeel Categorie="Airbag"/><Onderdeel Categorie="Alarmknop"/></Onderdelen></Wagen></root>