<root><Wagen Mixnummer="13844783" Mixmoment="2014-10-17T06:47:42"><WagenType>P1x</WagenType><Uitvoering>R-Line</Uitvoering><Motor>D3</Motor><Kleur>Wit</Kleur><Bekleding>Zwart Stof</Bekleding><KleurInterieur>Zwart</KleurInterieur><Maatsysteem>US</Maatsysteem><Taal>Frans</Taal><Onderdelen><Onderdeel Categorie="Glovebox"/><Onderdeel Categorie="HeaterButton"/><Onderdeel Categorie="AirbagSticker"/><Onderdeel Categorie="Airbag"/><Onderdeel Categorie="Airco"/><Onderdeel Categorie="TopCover"/><Onderdeel Categorie="Alarmknop"/><Onderdeel Categorie="HeaterButton"/><Onderdeel Categorie="Vizor"/></Onderdelen></Wagen></root>