<root><Wagen Mixnummer="13844738" Mixmoment="2014-10-17T06:46:57"><WagenType>P1x</WagenType><Uitvoering>Standaard</Uitvoering><Motor>D3</Motor><Kleur>Zwart</Kleur><Bekleding>Ivoor leer</Bekleding><KleurInterieur>Zwart</KleurInterieur><Maatsysteem>Metrisch</Maatsysteem><Taal>Frans</Taal><Onderdelen><Onderdeel Categorie="Airco"/><Onderdeel Categorie="Glovebox"/><Onderdeel Categorie="AirbagSticker"/><Onderdeel Categorie="Vizor"/><Onderdeel Categorie="Airbag"/><Onderdeel Categorie="TopCover"/><Onderdeel Categorie="Alarmknop"/></Onderdelen></Wagen></root>