<root><Wagen Mixnummer="13844848" Mixmoment="2014-10-17T06:48:47"><WagenType>P1x</WagenType><Uitvoering>R-Line</Uitvoering><Motor>T3</Motor><Kleur>Bruin</Kleur><Bekleding>Zwart Stof</Bekleding><KleurInterieur>Beige</KleurInterieur><Maatsysteem>Metrisch</Maatsysteem><Taal>Frans</Taal><Onderdelen><Onderdeel Categorie="Airco"/><Onderdeel Categorie="HeaterButton"/><Onderdeel Categorie="AirbagSticker"/><Onderdeel Categorie="Glovebox"/><Onderdeel Categorie="Vizor"/><Onderdeel Categorie="TopCover"/><Onderdeel Categorie="Airbag"/><Onderdeel Categorie="Alarmknop"/><Onderdeel Categorie="HeaterButton"/></Onderdelen></Wagen></root>