<root><Wagen Mixnummer="13844723" Mixmoment="2014-10-17T06:46:42"><WagenType>P2x</WagenType><Uitvoering>Standaard</Uitvoering><Motor>D2</Motor><Kleur>Blauw</Kleur><Bekleding>Zwart Stof</Bekleding><KleurInterieur>Beige</KleurInterieur><Maatsysteem>Metrisch</Maatsysteem><Taal>Engels</Taal><Onderdelen><Onderdeel Categorie="HeaterButton"/><Onderdeel Categorie="Glovebox"/><Onderdeel Categorie="Airco"/><Onderdeel Categorie="HeaterButton"/><Onderdeel Categorie="Vizor"/><Onderdeel Categorie="Airbag"/><Onderdeel Categorie="AirbagSticker"/><Onderdeel Categorie="TopCover"/><Onderdeel Categorie="Alarmknop"/></Onderdelen></Wagen></root>