<root><Wagen Mixnummer="13844801" Mixmoment="2014-10-17T06:48:00"><WagenType>P1x</WagenType><Uitvoering>Standaard</Uitvoering><Motor>D2</Motor><Kleur>Zwart</Kleur><Bekleding>Zwart leer</Bekleding><KleurInterieur>Zwart</KleurInterieur><Maatsysteem>Metrisch</Maatsysteem><Taal>Spaans</Taal><Onderdelen><Onderdeel Categorie="Airco"/><Onderdeel Categorie="Glovebox"/><Onderdeel Categorie="AirbagSticker"/><Onderdeel Categorie="Vizor"/><Onderdeel Categorie="Airbag"/><Onderdeel Categorie="TopCover"/><Onderdeel Categorie="Alarmknop"/></Onderdelen></Wagen></root>