<root><Wagen Mixnummer="13845032" Mixmoment="2014-10-17T06:51:51"><WagenType>P2x</WagenType><Uitvoering>R-Line</Uitvoering><Motor>D4</Motor><Kleur>Zilver</Kleur><Bekleding>Grijs leer</Bekleding><KleurInterieur>Antracit</KleurInterieur><Maatsysteem>Metrisch</Maatsysteem><Taal>Nederlands</Taal><Onderdelen><Onderdeel Categorie="AirbagSticker"/><Onderdeel Categorie="HeaterButton"/><Onderdeel Categorie="Airco"/><Onderdeel Categorie="TopCover"/><Onderdeel Categorie="Glovebox"/><Onderdeel Categorie="HeaterButton"/><Onderdeel Categorie="Vizor"/><Onderdeel Categorie="Airbag"/><Onderdeel Categorie="Alarmknop"/></Onderdelen></Wagen></root>