<root><Wagen Mixnummer="13844794" Mixmoment="2014-10-17T06:47:53"><WagenType>P1x</WagenType><Uitvoering>R-Line</Uitvoering><Motor>D2</Motor><Kleur>Antracit</Kleur><Bekleding>Ivoor Stof</Bekleding><KleurInterieur>Beige</KleurInterieur><Maatsysteem>Metrisch</Maatsysteem><Taal>Spaans</Taal><Onderdelen><Onderdeel Categorie="Airco"/><Onderdeel Categorie="HeaterButton"/><Onderdeel Categorie="Glovebox"/><Onderdeel Categorie="AirbagSticker"/><Onderdeel Categorie="Vizor"/><Onderdeel Categorie="TopCover"/><Onderdeel Categorie="Airbag"/><Onderdeel Categorie="Alarmknop"/><Onderdeel Categorie="HeaterButton"/></Onderdelen></Wagen></root>