<root><Wagen Mixnummer="13844737" Mixmoment="2014-10-17T06:46:56"><WagenType>P1x</WagenType><Uitvoering>RS</Uitvoering><Motor>D2</Motor><Kleur>Antracit</Kleur><Bekleding>Zwart Stof</Bekleding><KleurInterieur>Wit</KleurInterieur><Maatsysteem>Metrisch</Maatsysteem><Taal>Duits</Taal><Onderdelen><Onderdeel Categorie="Airco"/><Onderdeel Categorie="HeaterButton"/><Onderdeel Categorie="AirbagSticker"/><Onderdeel Categorie="TopCover"/><Onderdeel Categorie="Vizor"/><Onderdeel Categorie="Glovebox"/><Onderdeel Categorie="Airbag"/><Onderdeel Categorie="Alarmknop"/><Onderdeel Categorie="HeaterButton"/></Onderdelen></Wagen></root>