<root><Wagen Mixnummer="13844844" Mixmoment="2014-10-17T06:48:43"><WagenType>P1x</WagenType><Uitvoering>RS</Uitvoering><Motor>D5</Motor><Kleur>Groen</Kleur><Bekleding>Mixed Stof</Bekleding><KleurInterieur>Ivoor</KleurInterieur><Maatsysteem>US</Maatsysteem><Taal>Frans</Taal><Onderdelen><Onderdeel Categorie="AirbagSticker"/><Onderdeel Categorie="TopCover"/><Onderdeel Categorie="Airbag"/><Onderdeel Categorie="Airco"/><Onderdeel Categorie="Alarmknop"/><Onderdeel Categorie="Glovebox"/><Onderdeel Categorie="Vizor"/></Onderdelen></Wagen></root>