<root><Wagen Mixnummer="13844799" Mixmoment="2014-10-17T06:47:58"><WagenType>P2x</WagenType><Uitvoering>Standaard</Uitvoering><Motor>T3</Motor><Kleur>Antracit</Kleur><Bekleding>Grijs leer</Bekleding><KleurInterieur>Ivoor</KleurInterieur><Maatsysteem>Metrisch</Maatsysteem><Taal>Chinees</Taal><Onderdelen><Onderdeel Categorie="Glovebox"/><Onderdeel Categorie="HeaterButton"/><Onderdeel Categorie="Airco"/><Onderdeel Categorie="AirbagSticker"/><Onderdeel Categorie="HeaterButton"/><Onderdeel Categorie="Vizor"/><Onderdeel Categorie="Airbag"/><Onderdeel Categorie="Alarmknop"/><Onderdeel Categorie="TopCover"/></Onderdelen></Wagen></root>