<root><Wagen Mixnummer="13845038" Mixmoment="2014-10-17T06:51:57"><WagenType>P2x</WagenType><Uitvoering>RS</Uitvoering><Motor>D2</Motor><Kleur>Antracit</Kleur><Bekleding>Ivoor leer</Bekleding><KleurInterieur>Beige</KleurInterieur><Maatsysteem>US</Maatsysteem><Taal>Portugees</Taal><Onderdelen><Onderdeel Categorie="Glovebox"/><Onderdeel Categorie="Airbag"/><Onderdeel Categorie="Airco"/><Onderdeel Categorie="AirbagSticker"/><Onderdeel Categorie="TopCover"/><Onderdeel Categorie="Alarmknop"/><Onderdeel Categorie="Vizor"/></Onderdelen></Wagen></root>