<root><Wagen Mixnummer="13845085" Mixmoment="2014-10-17T06:52:44"><WagenType>P2x</WagenType><Uitvoering>Standaard</Uitvoering><Motor>T5</Motor><Kleur>Zilver</Kleur><Bekleding>Zwart leer</Bekleding><KleurInterieur>Wit</KleurInterieur><Maatsysteem>Metrisch</Maatsysteem><Taal>Spaans</Taal><Onderdelen><Onderdeel Categorie="TopCover"/><Onderdeel Categorie="Glovebox"/><Onderdeel Categorie="Airco"/><Onderdeel Categorie="Vizor"/><Onderdeel Categorie="Airbag"/><Onderdeel Categorie="AirbagSticker"/><Onderdeel Categorie="Alarmknop"/></Onderdelen></Wagen></root>