<root><Wagen Mixnummer="13844906" Mixmoment="2014-10-17T06:49:45"><WagenType>P2x</WagenType><Uitvoering>R-Line</Uitvoering><Motor>D4</Motor><Kleur>Antracit</Kleur><Bekleding>Zwart leer</Bekleding><KleurInterieur>Beige</KleurInterieur><Maatsysteem>US</Maatsysteem><Taal>Duits</Taal><Onderdelen><Onderdeel Categorie="HeaterButton"/><Onderdeel Categorie="Glovebox"/><Onderdeel Categorie="HeaterButton"/><Onderdeel Categorie="Airbag"/><Onderdeel Categorie="Airco"/><Onderdeel Categorie="AirbagSticker"/><Onderdeel Categorie="TopCover"/><Onderdeel Categorie="Alarmknop"/><Onderdeel Categorie="Vizor"/></Onderdelen></Wagen></root>