<root><Wagen Mixnummer="13845077" Mixmoment="2014-10-17T06:52:36"><WagenType>P2x</WagenType><Uitvoering>Standaard</Uitvoering><Motor>D3</Motor><Kleur>Rood</Kleur><Bekleding>Zwart leer</Bekleding><KleurInterieur>Ivoor</KleurInterieur><Maatsysteem>US</Maatsysteem><Taal>Nederlands</Taal><Onderdelen><Onderdeel Categorie="AirbagSticker"/><Onderdeel Categorie="Glovebox"/><Onderdeel Categorie="HeaterButton"/><Onderdeel Categorie="HeaterButton"/><Onderdeel Categorie="Airbag"/><Onderdeel Categorie="Airco"/><Onderdeel Categorie="Alarmknop"/><Onderdeel Categorie="TopCover"/><Onderdeel Categorie="Vizor"/></Onderdelen></Wagen></root>