<root><Wagen Mixnummer="13844833" Mixmoment="2014-10-17T06:48:32"><WagenType>P1x</WagenType><Uitvoering>RS</Uitvoering><Motor>D2</Motor><Kleur>Zilver</Kleur><Bekleding>Grijs Stof</Bekleding><KleurInterieur>Wit</KleurInterieur><Maatsysteem>Metrisch</Maatsysteem><Taal>Chinees</Taal><Onderdelen><Onderdeel Categorie="Airco"/><Onderdeel Categorie="HeaterButton"/><Onderdeel Categorie="TopCover"/><Onderdeel Categorie="Vizor"/><Onderdeel Categorie="Glovebox"/><Onderdeel Categorie="AirbagSticker"/><Onderdeel Categorie="Airbag"/><Onderdeel Categorie="Alarmknop"/><Onderdeel Categorie="HeaterButton"/></Onderdelen></Wagen></root>