<root><Wagen Mixnummer="13845217" Mixmoment="2014-10-17T06:54:56"><WagenType>P2x</WagenType><Uitvoering>Standaard</Uitvoering><Motor>D2</Motor><Kleur>Blauw</Kleur><Bekleding>Zwart Stof</Bekleding><KleurInterieur>Ivoor</KleurInterieur><Maatsysteem>Metrisch</Maatsysteem><Taal>Engels</Taal><Onderdelen><Onderdeel Categorie="Glovebox"/><Onderdeel Categorie="HeaterButton"/><Onderdeel Categorie="Airco"/><Onderdeel Categorie="HeaterButton"/><Onderdeel Categorie="Vizor"/><Onderdeel Categorie="Airbag"/><Onderdeel Categorie="AirbagSticker"/><Onderdeel Categorie="Alarmknop"/><Onderdeel Categorie="TopCover"/></Onderdelen></Wagen></root>