<root><Wagen Mixnummer="13845029" Mixmoment="2014-10-17T06:51:48"><WagenType>P2x</WagenType><Uitvoering>Standaard</Uitvoering><Motor>T3</Motor><Kleur>Zilver</Kleur><Bekleding>Zwart Stof</Bekleding><KleurInterieur>Ivoor</KleurInterieur><Maatsysteem>Metrisch</Maatsysteem><Taal>Spaans</Taal><Onderdelen><Onderdeel Categorie="Glovebox"/><Onderdeel Categorie="HeaterButton"/><Onderdeel Categorie="Airco"/><Onderdeel Categorie="HeaterButton"/><Onderdeel Categorie="Vizor"/><Onderdeel Categorie="Airbag"/><Onderdeel Categorie="AirbagSticker"/><Onderdeel Categorie="Alarmknop"/><Onderdeel Categorie="TopCover"/></Onderdelen></Wagen></root>