<root><Wagen Mixnummer="13844897" Mixmoment="2014-10-17T06:49:36"><WagenType>P2x</WagenType><Uitvoering>RS</Uitvoering><Motor>T3</Motor><Kleur>Rood</Kleur><Bekleding>Grijs leer</Bekleding><KleurInterieur>Ivoor</KleurInterieur><Maatsysteem>Metrisch</Maatsysteem><Taal>Frans</Taal><Onderdelen><Onderdeel Categorie="Glovebox"/><Onderdeel Categorie="Airco"/><Onderdeel Categorie="AirbagSticker"/><Onderdeel Categorie="Vizor"/><Onderdeel Categorie="Airbag"/><Onderdeel Categorie="Alarmknop"/><Onderdeel Categorie="TopCover"/></Onderdelen></Wagen></root>