<root><Wagen Mixnummer="13844773" Mixmoment="2014-10-17T06:47:32"><WagenType>P1x</WagenType><Uitvoering>R-Line</Uitvoering><Motor>D2</Motor><Kleur>Zilver</Kleur><Bekleding>Grijs Stof</Bekleding><KleurInterieur>Zwart</KleurInterieur><Maatsysteem>Metrisch</Maatsysteem><Taal>Portugees</Taal><Onderdelen><Onderdeel Categorie="Airco"/><Onderdeel Categorie="Glovebox"/><Onderdeel Categorie="HeaterButton"/><Onderdeel Categorie="AirbagSticker"/><Onderdeel Categorie="Vizor"/><Onderdeel Categorie="Airbag"/><Onderdeel Categorie="TopCover"/><Onderdeel Categorie="Alarmknop"/><Onderdeel Categorie="HeaterButton"/></Onderdelen></Wagen></root>