<root><Wagen Mixnummer="13844994" Mixmoment="2014-10-17T06:51:13"><WagenType>P1x</WagenType><Uitvoering>R-Line</Uitvoering><Motor>D3</Motor><Kleur>Blauw</Kleur><Bekleding>Mixed Stof</Bekleding><KleurInterieur>Antracit</KleurInterieur><Maatsysteem>Metrisch</Maatsysteem><Taal>Spaans</Taal><Onderdelen><Onderdeel Categorie="Airco"/><Onderdeel Categorie="HeaterButton"/><Onderdeel Categorie="AirbagSticker"/><Onderdeel Categorie="Glovebox"/><Onderdeel Categorie="Vizor"/><Onderdeel Categorie="TopCover"/><Onderdeel Categorie="Airbag"/><Onderdeel Categorie="Alarmknop"/><Onderdeel Categorie="HeaterButton"/></Onderdelen></Wagen></root>