<root><Wagen Mixnummer="13844771" Mixmoment="2014-10-17T06:47:30"><WagenType>P2x</WagenType><Uitvoering>R-Line</Uitvoering><Motor>T3</Motor><Kleur>Bruin</Kleur><Bekleding>Ivoor Stof</Bekleding><KleurInterieur>Antracit</KleurInterieur><Maatsysteem>US</Maatsysteem><Taal>Spaans</Taal><Onderdelen><Onderdeel Categorie="HeaterButton"/><Onderdeel Categorie="TopCover"/><Onderdeel Categorie="Glovebox"/><Onderdeel Categorie="HeaterButton"/><Onderdeel Categorie="Airbag"/><Onderdeel Categorie="Airco"/><Onderdeel Categorie="AirbagSticker"/><Onderdeel Categorie="Alarmknop"/><Onderdeel Categorie="Vizor"/></Onderdelen></Wagen></root>