<root><Wagen Mixnummer="13844861" Mixmoment="2014-10-17T06:49:00"><WagenType>P1x</WagenType><Uitvoering>R-Line</Uitvoering><Motor>D2</Motor><Kleur>Zilver</Kleur><Bekleding>Grijs Stof</Bekleding><KleurInterieur>Cognac</KleurInterieur><Maatsysteem>Metrisch</Maatsysteem><Taal>Frans</Taal><Onderdelen><Onderdeel Categorie="Airco"/><Onderdeel Categorie="TopCover"/><Onderdeel Categorie="AirbagSticker"/><Onderdeel Categorie="Glovebox"/><Onderdeel Categorie="Vizor"/><Onderdeel Categorie="Airbag"/><Onderdeel Categorie="Alarmknop"/></Onderdelen></Wagen></root>