<root><Wagen Mixnummer="13845014" Mixmoment="2014-10-17T06:51:33"><WagenType>P1x</WagenType><Uitvoering>RS</Uitvoering><Motor>T3</Motor><Kleur>Groen</Kleur><Bekleding>Ivoor leer</Bekleding><KleurInterieur>Beige</KleurInterieur><Maatsysteem>Metrisch</Maatsysteem><Taal>Engels</Taal><Onderdelen><Onderdeel Categorie="Airco"/><Onderdeel Categorie="AirbagSticker"/><Onderdeel Categorie="Glovebox"/><Onderdeel Categorie="Vizor"/><Onderdeel Categorie="TopCover"/><Onderdeel Categorie="Airbag"/><Onderdeel Categorie="Alarmknop"/></Onderdelen></Wagen></root>