<root><Wagen Mixnummer="13844942" Mixmoment="2014-10-17T06:50:21"><WagenType>P2x</WagenType><Uitvoering>Standaard</Uitvoering><Motor>T5</Motor><Kleur>Antracit</Kleur><Bekleding>Zwart Stof</Bekleding><KleurInterieur>Wit</KleurInterieur><Maatsysteem>Metrisch</Maatsysteem><Taal>Frans</Taal><Onderdelen><Onderdeel Categorie="TopCover"/><Onderdeel Categorie="Glovebox"/><Onderdeel Categorie="HeaterButton"/><Onderdeel Categorie="Airco"/><Onderdeel Categorie="AirbagSticker"/><Onderdeel Categorie="HeaterButton"/><Onderdeel Categorie="Vizor"/><Onderdeel Categorie="Airbag"/><Onderdeel Categorie="Alarmknop"/></Onderdelen></Wagen></root>