<root><Wagen Mixnummer="13845165" Mixmoment="2014-10-17T06:54:04"><WagenType>P2x</WagenType><Uitvoering>Standaard</Uitvoering><Motor>T4</Motor><Kleur>Antracit</Kleur><Bekleding>Grijs Stof</Bekleding><KleurInterieur>Cognac</KleurInterieur><Maatsysteem>US</Maatsysteem><Taal>Engels</Taal><Onderdelen><Onderdeel Categorie="Glovebox"/><Onderdeel Categorie="Airbag"/><Onderdeel Categorie="Airco"/><Onderdeel Categorie="AirbagSticker"/><Onderdeel Categorie="TopCover"/><Onderdeel Categorie="Alarmknop"/><Onderdeel Categorie="Vizor"/></Onderdelen></Wagen></root>