<root><Wagen Mixnummer="13844914" Mixmoment="2014-10-17T06:49:53"><WagenType>P2x</WagenType><Uitvoering>Standaard</Uitvoering><Motor>D3</Motor><Kleur>Antracit</Kleur><Bekleding>Grijs Stof</Bekleding><KleurInterieur>Ivoor</KleurInterieur><Maatsysteem>US</Maatsysteem><Taal>Chinees</Taal><Onderdelen><Onderdeel Categorie="Glovebox"/><Onderdeel Categorie="HeaterButton"/><Onderdeel Categorie="AirbagSticker"/><Onderdeel Categorie="HeaterButton"/><Onderdeel Categorie="Airbag"/><Onderdeel Categorie="Airco"/><Onderdeel Categorie="Alarmknop"/><Onderdeel Categorie="TopCover"/><Onderdeel Categorie="Vizor"/></Onderdelen></Wagen></root>