<root><Wagen Mixnummer="13845065" Mixmoment="2014-10-17T06:52:24"><WagenType>P2x</WagenType><Uitvoering>Standaard</Uitvoering><Motor>D4</Motor><Kleur>Bruin</Kleur><Bekleding>Ivoor leer</Bekleding><KleurInterieur>Cognac</KleurInterieur><Maatsysteem>Metrisch</Maatsysteem><Taal>Portugees</Taal><Onderdelen><Onderdeel Categorie="HeaterButton"/><Onderdeel Categorie="Glovebox"/><Onderdeel Categorie="Airco"/><Onderdeel Categorie="HeaterButton"/><Onderdeel Categorie="Vizor"/><Onderdeel Categorie="Airbag"/><Onderdeel Categorie="AirbagSticker"/><Onderdeel Categorie="TopCover"/><Onderdeel Categorie="Alarmknop"/></Onderdelen></Wagen></root>