<root><Wagen Mixnummer="13845167" Mixmoment="2014-10-17T06:54:06"><WagenType>P1x</WagenType><Uitvoering>RS</Uitvoering><Motor>T3</Motor><Kleur>Wit</Kleur><Bekleding>Zwart leer</Bekleding><KleurInterieur>Cognac</KleurInterieur><Maatsysteem>US</Maatsysteem><Taal>Spaans</Taal><Onderdelen><Onderdeel Categorie="TopCover"/><Onderdeel Categorie="Glovebox"/><Onderdeel Categorie="AirbagSticker"/><Onderdeel Categorie="Airbag"/><Onderdeel Categorie="Airco"/><Onderdeel Categorie="Alarmknop"/><Onderdeel Categorie="Vizor"/></Onderdelen></Wagen></root>