<root><Wagen Mixnummer="13844725" Mixmoment="2014-10-17T06:46:44"><WagenType>P2x</WagenType><Uitvoering>R-Line</Uitvoering><Motor>D2</Motor><Kleur>Blauw</Kleur><Bekleding>Ivoor leer</Bekleding><KleurInterieur>Ivoor</KleurInterieur><Maatsysteem>US</Maatsysteem><Taal>Spaans</Taal><Onderdelen><Onderdeel Categorie="Glovebox"/><Onderdeel Categorie="Airbag"/><Onderdeel Categorie="Airco"/><Onderdeel Categorie="AirbagSticker"/><Onderdeel Categorie="Alarmknop"/><Onderdeel Categorie="TopCover"/><Onderdeel Categorie="Vizor"/></Onderdelen></Wagen></root>