<root><Wagen Mixnummer="13844762" Mixmoment="2014-10-17T06:47:21"><WagenType>P2x</WagenType><Uitvoering>RS</Uitvoering><Motor>D4</Motor><Kleur>Bruin</Kleur><Bekleding>Ivoor leer</Bekleding><KleurInterieur>Wit</KleurInterieur><Maatsysteem>Metrisch</Maatsysteem><Taal>Engels</Taal><Onderdelen><Onderdeel Categorie="TopCover"/><Onderdeel Categorie="Glovebox"/><Onderdeel Categorie="Airco"/><Onderdeel Categorie="Vizor"/><Onderdeel Categorie="Airbag"/><Onderdeel Categorie="AirbagSticker"/><Onderdeel Categorie="Alarmknop"/></Onderdelen></Wagen></root>