<root><Wagen Mixnummer="13844823" Mixmoment="2014-10-17T06:48:22"><WagenType>P2x</WagenType><Uitvoering>Standaard</Uitvoering><Motor>D2</Motor><Kleur>Zwart</Kleur><Bekleding>Mixed Stof</Bekleding><KleurInterieur>Wit</KleurInterieur><Maatsysteem>US</Maatsysteem><Taal>Chinees</Taal><Onderdelen><Onderdeel Categorie="TopCover"/><Onderdeel Categorie="Glovebox"/><Onderdeel Categorie="AirbagSticker"/><Onderdeel Categorie="Airbag"/><Onderdeel Categorie="Airco"/><Onderdeel Categorie="Alarmknop"/><Onderdeel Categorie="Vizor"/></Onderdelen></Wagen></root>