<root><Wagen Mixnummer="13845202" Mixmoment="2014-10-17T06:54:41"><WagenType>P2x</WagenType><Uitvoering>R-Line</Uitvoering><Motor>T4</Motor><Kleur>Zwart</Kleur><Bekleding>Grijs leer</Bekleding><KleurInterieur>Zwart</KleurInterieur><Maatsysteem>Metrisch</Maatsysteem><Taal>Russisch</Taal><Onderdelen><Onderdeel Categorie="Glovebox"/><Onderdeel Categorie="Airco"/><Onderdeel Categorie="TopCover"/><Onderdeel Categorie="Vizor"/><Onderdeel Categorie="Airbag"/><Onderdeel Categorie="AirbagSticker"/><Onderdeel Categorie="Alarmknop"/></Onderdelen></Wagen></root>