<root><Wagen Mixnummer="13844884" Mixmoment="2014-10-17T06:49:23"><WagenType>P1x</WagenType><Uitvoering>Standaard</Uitvoering><Motor>D5</Motor><Kleur>Zilver</Kleur><Bekleding>Grijs leer</Bekleding><KleurInterieur>Ivoor</KleurInterieur><Maatsysteem>Metrisch</Maatsysteem><Taal>Engels</Taal><Onderdelen><Onderdeel Categorie="Airco"/><Onderdeel Categorie="AirbagSticker"/><Onderdeel Categorie="Vizor"/><Onderdeel Categorie="TopCover"/><Onderdeel Categorie="Airbag"/><Onderdeel Categorie="Alarmknop"/><Onderdeel Categorie="Glovebox"/></Onderdelen></Wagen></root>