<root><Wagen Mixnummer="13844900" Mixmoment="2014-10-17T06:49:39"><WagenType>P2x</WagenType><Uitvoering>Standaard</Uitvoering><Motor>D2</Motor><Kleur>Antracit</Kleur><Bekleding>Grijs leer</Bekleding><KleurInterieur>Cognac</KleurInterieur><Maatsysteem>Metrisch</Maatsysteem><Taal>Chinees</Taal><Onderdelen><Onderdeel Categorie="Glovebox"/><Onderdeel Categorie="Airco"/><Onderdeel Categorie="AirbagSticker"/><Onderdeel Categorie="Vizor"/><Onderdeel Categorie="Airbag"/><Onderdeel Categorie="TopCover"/><Onderdeel Categorie="Alarmknop"/></Onderdelen></Wagen></root>