<root><Wagen Mixnummer="13844933" Mixmoment="2014-10-17T06:50:12"><WagenType>P1x</WagenType><Uitvoering>R-Line</Uitvoering><Motor>D3</Motor><Kleur>Wit</Kleur><Bekleding>Ivoor Stof</Bekleding><KleurInterieur>Antracit</KleurInterieur><Maatsysteem>Metrisch</Maatsysteem><Taal>Duits</Taal><Onderdelen><Onderdeel Categorie="Airco"/><Onderdeel Categorie="HeaterButton"/><Onderdeel Categorie="AirbagSticker"/><Onderdeel Categorie="Glovebox"/><Onderdeel Categorie="Vizor"/><Onderdeel Categorie="TopCover"/><Onderdeel Categorie="Airbag"/><Onderdeel Categorie="Alarmknop"/><Onderdeel Categorie="HeaterButton"/></Onderdelen></Wagen></root>