<root><Wagen Mixnummer="13845035" Mixmoment="2014-10-17T06:51:54"><WagenType>P2x</WagenType><Uitvoering>RS</Uitvoering><Motor>D2</Motor><Kleur>Antracit</Kleur><Bekleding>Grijs leer</Bekleding><KleurInterieur>Ivoor</KleurInterieur><Maatsysteem>US</Maatsysteem><Taal>Frans</Taal><Onderdelen><Onderdeel Categorie="Glovebox"/><Onderdeel Categorie="AirbagSticker"/><Onderdeel Categorie="Airbag"/><Onderdeel Categorie="Airco"/><Onderdeel Categorie="Alarmknop"/><Onderdeel Categorie="TopCover"/><Onderdeel Categorie="Vizor"/></Onderdelen></Wagen></root>