<root><Wagen Mixnummer="13844966" Mixmoment="2014-10-17T06:50:45"><WagenType>P1x</WagenType><Uitvoering>RS</Uitvoering><Motor>T3</Motor><Kleur>Zilver</Kleur><Bekleding>Grijs Stof</Bekleding><KleurInterieur>Beige</KleurInterieur><Maatsysteem>Metrisch</Maatsysteem><Taal>Frans</Taal><Onderdelen><Onderdeel Categorie="Airco"/><Onderdeel Categorie="AirbagSticker"/><Onderdeel Categorie="Glovebox"/><Onderdeel Categorie="Vizor"/><Onderdeel Categorie="TopCover"/><Onderdeel Categorie="Airbag"/><Onderdeel Categorie="Alarmknop"/></Onderdelen></Wagen></root>