<root><Wagen Mixnummer="13845010" Mixmoment="2014-10-17T06:51:29"><WagenType>P1x</WagenType><Uitvoering>R-Line</Uitvoering><Motor>D3</Motor><Kleur>Zilver</Kleur><Bekleding>Grijs leer</Bekleding><KleurInterieur>Cognac</KleurInterieur><Maatsysteem>Metrisch</Maatsysteem><Taal>Nederlands</Taal><Onderdelen><Onderdeel Categorie="AirbagSticker"/><Onderdeel Categorie="Airco"/><Onderdeel Categorie="TopCover"/><Onderdeel Categorie="HeaterButton"/><Onderdeel Categorie="Glovebox"/><Onderdeel Categorie="Vizor"/><Onderdeel Categorie="Airbag"/><Onderdeel Categorie="Alarmknop"/><Onderdeel Categorie="HeaterButton"/></Onderdelen></Wagen></root>