<root><Wagen Mixnummer="13844795" Mixmoment="2014-10-17T06:47:54"><WagenType>P2x</WagenType><Uitvoering>R-Line</Uitvoering><Motor>D2</Motor><Kleur>Antracit</Kleur><Bekleding>Ivoor leer</Bekleding><KleurInterieur>Cognac</KleurInterieur><Maatsysteem>Metrisch</Maatsysteem><Taal>Spaans</Taal><Onderdelen><Onderdeel Categorie="HeaterButton"/><Onderdeel Categorie="Glovebox"/><Onderdeel Categorie="Airco"/><Onderdeel Categorie="HeaterButton"/><Onderdeel Categorie="Vizor"/><Onderdeel Categorie="Airbag"/><Onderdeel Categorie="AirbagSticker"/><Onderdeel Categorie="TopCover"/><Onderdeel Categorie="Alarmknop"/></Onderdelen></Wagen></root>