<root><Wagen Mixnummer="13844990" Mixmoment="2014-10-17T06:51:09"><WagenType>P1x</WagenType><Uitvoering>R-Line</Uitvoering><Motor>D4</Motor><Kleur>Antracit</Kleur><Bekleding>Grijs leer</Bekleding><KleurInterieur>Zwart</KleurInterieur><Maatsysteem>Metrisch</Maatsysteem><Taal>Portugees</Taal><Onderdelen><Onderdeel Categorie="Airco"/><Onderdeel Categorie="Glovebox"/><Onderdeel Categorie="AirbagSticker"/><Onderdeel Categorie="Vizor"/><Onderdeel Categorie="Airbag"/><Onderdeel Categorie="TopCover"/><Onderdeel Categorie="Alarmknop"/></Onderdelen></Wagen></root>