<root><Wagen Mixnummer="13844870" Mixmoment="2014-10-17T06:49:09"><WagenType>P1x</WagenType><Uitvoering>Standaard</Uitvoering><Motor>D2</Motor><Kleur>Rood</Kleur><Bekleding>Zwart Stof</Bekleding><KleurInterieur>Zwart</KleurInterieur><Maatsysteem>Metrisch</Maatsysteem><Taal>Engels</Taal><Onderdelen><Onderdeel Categorie="Airco"/><Onderdeel Categorie="Glovebox"/><Onderdeel Categorie="AirbagSticker"/><Onderdeel Categorie="Vizor"/><Onderdeel Categorie="Airbag"/><Onderdeel Categorie="TopCover"/><Onderdeel Categorie="Alarmknop"/></Onderdelen></Wagen></root>