<root><Wagen Mixnummer="13844756" Mixmoment="2014-10-17T06:47:15"><WagenType>P2x</WagenType><Uitvoering>RS</Uitvoering><Motor>D4</Motor><Kleur>Zwart</Kleur><Bekleding>Zwart Stof</Bekleding><KleurInterieur>Beige</KleurInterieur><Maatsysteem>US</Maatsysteem><Taal>Spaans</Taal><Onderdelen><Onderdeel Categorie="HeaterButton"/><Onderdeel Categorie="Glovebox"/><Onderdeel Categorie="HeaterButton"/><Onderdeel Categorie="Airbag"/><Onderdeel Categorie="Airco"/><Onderdeel Categorie="AirbagSticker"/><Onderdeel Categorie="TopCover"/><Onderdeel Categorie="Alarmknop"/><Onderdeel Categorie="Vizor"/></Onderdelen></Wagen></root>