<root><Wagen Mixnummer="13844835" Mixmoment="2014-10-17T06:48:34"><WagenType>P1x</WagenType><Uitvoering>Standaard</Uitvoering><Motor>D5</Motor><Kleur>Rood</Kleur><Bekleding>Grijs Stof</Bekleding><KleurInterieur>Cognac</KleurInterieur><Maatsysteem>US</Maatsysteem><Taal>Russisch</Taal><Onderdelen><Onderdeel Categorie="TopCover"/><Onderdeel Categorie="Glovebox"/><Onderdeel Categorie="AirbagSticker"/><Onderdeel Categorie="Airbag"/><Onderdeel Categorie="Airco"/><Onderdeel Categorie="Alarmknop"/><Onderdeel Categorie="Vizor"/></Onderdelen></Wagen></root>