<root><Wagen Mixnummer="13845117" Mixmoment="2014-10-17T06:53:16"><WagenType>P1x</WagenType><Uitvoering>RS</Uitvoering><Motor>D4</Motor><Kleur>Zwart</Kleur><Bekleding>Ivoor Stof</Bekleding><KleurInterieur>Ivoor</KleurInterieur><Maatsysteem>US</Maatsysteem><Taal>Spaans</Taal><Onderdelen><Onderdeel Categorie="HeaterButton"/><Onderdeel Categorie="AirbagSticker"/><Onderdeel Categorie="TopCover"/><Onderdeel Categorie="Airbag"/><Onderdeel Categorie="Airco"/><Onderdeel Categorie="Alarmknop"/><Onderdeel Categorie="Glovebox"/><Onderdeel Categorie="HeaterButton"/><Onderdeel Categorie="Vizor"/></Onderdelen></Wagen></root>