<root><Wagen Mixnummer="13844968" Mixmoment="2014-10-17T06:50:47"><WagenType>P1x</WagenType><Uitvoering>R-Line</Uitvoering><Motor>D2</Motor><Kleur>Antracit</Kleur><Bekleding>Ivoor leer</Bekleding><KleurInterieur>Zwart</KleurInterieur><Maatsysteem>US</Maatsysteem><Taal>Engels</Taal><Onderdelen><Onderdeel Categorie="Glovebox"/><Onderdeel Categorie="HeaterButton"/><Onderdeel Categorie="AirbagSticker"/><Onderdeel Categorie="Airbag"/><Onderdeel Categorie="Airco"/><Onderdeel Categorie="TopCover"/><Onderdeel Categorie="Alarmknop"/><Onderdeel Categorie="HeaterButton"/><Onderdeel Categorie="Vizor"/></Onderdelen></Wagen></root>