<root><Wagen Mixnummer="13844941" Mixmoment="2014-10-17T06:50:20"><WagenType>P1x</WagenType><Uitvoering>R-Line</Uitvoering><Motor>D5</Motor><Kleur>Zilver</Kleur><Bekleding>Grijs Stof</Bekleding><KleurInterieur>Beige</KleurInterieur><Maatsysteem>US</Maatsysteem><Taal>Engels</Taal><Onderdelen><Onderdeel Categorie="HeaterButton"/><Onderdeel Categorie="AirbagSticker"/><Onderdeel Categorie="Glovebox"/><Onderdeel Categorie="TopCover"/><Onderdeel Categorie="Airbag"/><Onderdeel Categorie="Airco"/><Onderdeel Categorie="Alarmknop"/><Onderdeel Categorie="HeaterButton"/><Onderdeel Categorie="Vizor"/></Onderdelen></Wagen></root>