<root><Wagen Mixnummer="13845026" Mixmoment="2014-10-17T06:51:45"><WagenType>P1x</WagenType><Uitvoering>Standaard</Uitvoering><Motor>T3</Motor><Kleur>Zilver</Kleur><Bekleding>Ivoor leer</Bekleding><KleurInterieur>Zwart</KleurInterieur><Maatsysteem>US</Maatsysteem><Taal>Frans</Taal><Onderdelen><Onderdeel Categorie="Glovebox"/><Onderdeel Categorie="AirbagSticker"/><Onderdeel Categorie="Airbag"/><Onderdeel Categorie="Airco"/><Onderdeel Categorie="TopCover"/><Onderdeel Categorie="Alarmknop"/><Onderdeel Categorie="Vizor"/></Onderdelen></Wagen></root>