<root><Wagen Mixnummer="13844854" Mixmoment="2014-10-17T06:48:53"><WagenType>P2x</WagenType><Uitvoering>Standaard</Uitvoering><Motor>D4</Motor><Kleur>Zilver</Kleur><Bekleding>Ivoor Stof</Bekleding><KleurInterieur>Wit</KleurInterieur><Maatsysteem>Metrisch</Maatsysteem><Taal>Russisch</Taal><Onderdelen><Onderdeel Categorie="TopCover"/><Onderdeel Categorie="Glovebox"/><Onderdeel Categorie="HeaterButton"/><Onderdeel Categorie="Airco"/><Onderdeel Categorie="HeaterButton"/><Onderdeel Categorie="Vizor"/><Onderdeel Categorie="Airbag"/><Onderdeel Categorie="AirbagSticker"/><Onderdeel Categorie="Alarmknop"/></Onderdelen></Wagen></root>