<root><Wagen Mixnummer="13844807" Mixmoment="2014-10-17T06:48:06"><WagenType>P2x</WagenType><Uitvoering>R-Line</Uitvoering><Motor>D3</Motor><Kleur>Wit</Kleur><Bekleding>Zwart Stof</Bekleding><KleurInterieur>Beige</KleurInterieur><Maatsysteem>US</Maatsysteem><Taal>Russisch</Taal><Onderdelen><Onderdeel Categorie="HeaterButton"/><Onderdeel Categorie="Glovebox"/><Onderdeel Categorie="HeaterButton"/><Onderdeel Categorie="Airbag"/><Onderdeel Categorie="Airco"/><Onderdeel Categorie="AirbagSticker"/><Onderdeel Categorie="TopCover"/><Onderdeel Categorie="Alarmknop"/><Onderdeel Categorie="Vizor"/></Onderdelen></Wagen></root>