<root><Wagen Mixnummer="13845187" Mixmoment="2014-10-17T06:54:26"><WagenType>P2x</WagenType><Uitvoering>RS</Uitvoering><Motor>T5</Motor><Kleur>Blauw</Kleur><Bekleding>Grijs Stof</Bekleding><KleurInterieur>Ivoor</KleurInterieur><Maatsysteem>US</Maatsysteem><Taal>Frans</Taal><Onderdelen><Onderdeel Categorie="Glovebox"/><Onderdeel Categorie="HeaterButton"/><Onderdeel Categorie="AirbagSticker"/><Onderdeel Categorie="HeaterButton"/><Onderdeel Categorie="Airbag"/><Onderdeel Categorie="Airco"/><Onderdeel Categorie="Alarmknop"/><Onderdeel Categorie="TopCover"/><Onderdeel Categorie="Vizor"/></Onderdelen></Wagen></root>