<root><Wagen Mixnummer="13845046" Mixmoment="2014-10-17T06:52:05"><WagenType>P2x</WagenType><Uitvoering>R-Line</Uitvoering><Motor>T5</Motor><Kleur>Rood</Kleur><Bekleding>Zwart leer</Bekleding><KleurInterieur>Antracit</KleurInterieur><Maatsysteem>Metrisch</Maatsysteem><Taal>Spaans</Taal><Onderdelen><Onderdeel Categorie="HeaterButton"/><Onderdeel Categorie="Airco"/><Onderdeel Categorie="TopCover"/><Onderdeel Categorie="Glovebox"/><Onderdeel Categorie="HeaterButton"/><Onderdeel Categorie="Vizor"/><Onderdeel Categorie="Airbag"/><Onderdeel Categorie="AirbagSticker"/><Onderdeel Categorie="Alarmknop"/></Onderdelen></Wagen></root>