<root><Wagen Mixnummer="13844912" Mixmoment="2014-10-17T06:49:51"><WagenType>P1x</WagenType><Uitvoering>Standaard</Uitvoering><Motor>D2</Motor><Kleur>Bruin</Kleur><Bekleding>Grijs Stof</Bekleding><KleurInterieur>Ivoor</KleurInterieur><Maatsysteem>US</Maatsysteem><Taal>Chinees</Taal><Onderdelen><Onderdeel Categorie="HeaterButton"/><Onderdeel Categorie="AirbagSticker"/><Onderdeel Categorie="TopCover"/><Onderdeel Categorie="Airbag"/><Onderdeel Categorie="Airco"/><Onderdeel Categorie="Alarmknop"/><Onderdeel Categorie="Glovebox"/><Onderdeel Categorie="HeaterButton"/><Onderdeel Categorie="Vizor"/></Onderdelen></Wagen></root>