<root><Wagen Mixnummer="13844958" Mixmoment="2014-10-17T06:50:37"><WagenType>P1x</WagenType><Uitvoering>RS</Uitvoering><Motor>D5</Motor><Kleur>Groen</Kleur><Bekleding>Mixed Stof</Bekleding><KleurInterieur>Cognac</KleurInterieur><Maatsysteem>Metrisch</Maatsysteem><Taal>Engels</Taal><Onderdelen><Onderdeel Categorie="Airco"/><Onderdeel Categorie="TopCover"/><Onderdeel Categorie="AirbagSticker"/><Onderdeel Categorie="Glovebox"/><Onderdeel Categorie="Vizor"/><Onderdeel Categorie="Airbag"/><Onderdeel Categorie="Alarmknop"/></Onderdelen></Wagen></root>