<root><Wagen Mixnummer="13844974" Mixmoment="2014-10-17T06:50:53"><WagenType>P1x</WagenType><Uitvoering>RS</Uitvoering><Motor>D4</Motor><Kleur>Zwart</Kleur><Bekleding>Grijs Stof</Bekleding><KleurInterieur>Zwart</KleurInterieur><Maatsysteem>US</Maatsysteem><Taal>Chinees</Taal><Onderdelen><Onderdeel Categorie="Glovebox"/><Onderdeel Categorie="HeaterButton"/><Onderdeel Categorie="AirbagSticker"/><Onderdeel Categorie="Airbag"/><Onderdeel Categorie="Airco"/><Onderdeel Categorie="TopCover"/><Onderdeel Categorie="Alarmknop"/><Onderdeel Categorie="HeaterButton"/><Onderdeel Categorie="Vizor"/></Onderdelen></Wagen></root>