<root><Wagen Mixnummer="13844920" Mixmoment="2014-10-17T06:49:59"><WagenType>P2x</WagenType><Uitvoering>Standaard</Uitvoering><Motor>T3</Motor><Kleur>Zwart</Kleur><Bekleding>Grijs Stof</Bekleding><KleurInterieur>Cognac</KleurInterieur><Maatsysteem>Metrisch</Maatsysteem><Taal>Spaans</Taal><Onderdelen><Onderdeel Categorie="HeaterButton"/><Onderdeel Categorie="Glovebox"/><Onderdeel Categorie="Airco"/><Onderdeel Categorie="HeaterButton"/><Onderdeel Categorie="Vizor"/><Onderdeel Categorie="Airbag"/><Onderdeel Categorie="AirbagSticker"/><Onderdeel Categorie="TopCover"/><Onderdeel Categorie="Alarmknop"/></Onderdelen></Wagen></root>