<root><Wagen Mixnummer="13844992" Mixmoment="2014-10-17T06:51:11"><WagenType>P2x</WagenType><Uitvoering>Standaard</Uitvoering><Motor>D4</Motor><Kleur>Zilver</Kleur><Bekleding>Grijs leer</Bekleding><KleurInterieur>Antracit</KleurInterieur><Maatsysteem>Metrisch</Maatsysteem><Taal>Spaans</Taal><Onderdelen><Onderdeel Categorie="HeaterButton"/><Onderdeel Categorie="Airco"/><Onderdeel Categorie="TopCover"/><Onderdeel Categorie="Glovebox"/><Onderdeel Categorie="HeaterButton"/><Onderdeel Categorie="Vizor"/><Onderdeel Categorie="Airbag"/><Onderdeel Categorie="AirbagSticker"/><Onderdeel Categorie="Alarmknop"/></Onderdelen></Wagen></root>