<root><Wagen Mixnummer="13845054" Mixmoment="2014-10-17T06:52:13"><WagenType>P1x</WagenType><Uitvoering>Standaard</Uitvoering><Motor>T3</Motor><Kleur>Zilver</Kleur><Bekleding>Ivoor leer</Bekleding><KleurInterieur>Ivoor</KleurInterieur><Maatsysteem>US</Maatsysteem><Taal>Frans</Taal><Onderdelen><Onderdeel Categorie="HeaterButton"/><Onderdeel Categorie="AirbagSticker"/><Onderdeel Categorie="TopCover"/><Onderdeel Categorie="Airbag"/><Onderdeel Categorie="Airco"/><Onderdeel Categorie="Alarmknop"/><Onderdeel Categorie="Glovebox"/><Onderdeel Categorie="HeaterButton"/><Onderdeel Categorie="Vizor"/></Onderdelen></Wagen></root>