<root><Wagen Mixnummer="13844944" Mixmoment="2014-10-17T06:50:23"><WagenType>P1x</WagenType><Uitvoering>Standaard</Uitvoering><Motor>D3</Motor><Kleur>Zwart</Kleur><Bekleding>Ivoor Stof</Bekleding><KleurInterieur>Ivoor</KleurInterieur><Maatsysteem>Metrisch</Maatsysteem><Taal>Frans</Taal><Onderdelen><Onderdeel Categorie="Airco"/><Onderdeel Categorie="AirbagSticker"/><Onderdeel Categorie="Vizor"/><Onderdeel Categorie="TopCover"/><Onderdeel Categorie="Airbag"/><Onderdeel Categorie="Alarmknop"/><Onderdeel Categorie="Glovebox"/></Onderdelen></Wagen></root>