<root><Wagen Mixnummer="13844899" Mixmoment="2014-10-17T06:49:38"><WagenType>P2x</WagenType><Uitvoering>R-Line</Uitvoering><Motor>D4</Motor><Kleur>Zilver</Kleur><Bekleding>Ivoor leer</Bekleding><KleurInterieur>Wit</KleurInterieur><Maatsysteem>Metrisch</Maatsysteem><Taal>Duits</Taal><Onderdelen><Onderdeel Categorie="TopCover"/><Onderdeel Categorie="Glovebox"/><Onderdeel Categorie="HeaterButton"/><Onderdeel Categorie="Airco"/><Onderdeel Categorie="HeaterButton"/><Onderdeel Categorie="Vizor"/><Onderdeel Categorie="Airbag"/><Onderdeel Categorie="AirbagSticker"/><Onderdeel Categorie="Alarmknop"/></Onderdelen></Wagen></root>