<root>
  <Wagen Mixnummer="13844721" Mixmoment="2014-10-17T06:46:40">
    <WagenType>P1x</WagenType>
    <Uitvoering>R-Line</Uitvoering>
    <Motor>D2</Motor>
    <Kleur>Antracit</Kleur>
    <Bekleding>Ivoor Stof</Bekleding>
    <KleurInterieur>Cognac</KleurInterieur>
    <Maatsysteem>Metrisch</Maatsysteem>
    <Taal>Duits</Taal>
    <Onderdelen>
      <Onderdeel Categorie="Airco"/>
      <Onderdeel Categorie="TopCover"/>
      <Onderdeel Categorie="HeaterButton"/>
      <Onderdeel Categorie="Glovebox"/>
      <Onderdeel Categorie="AirbagSticker"/>
      <Onderdeel Categorie="Vizor"/>
      <Onderdeel Categorie="Airbag"/>
      <Onderdeel Categorie="Alarmknop"/>
      <Onderdeel Categorie="HeaterButton"/>
    </Onderdelen>
  </Wagen>
</root>