<root><Wagen Mixnummer="13844763" Mixmoment="2014-10-17T06:47:22"><WagenType>P1x</WagenType><Uitvoering>Standaard</Uitvoering><Motor>D4</Motor><Kleur>Blauw</Kleur><Bekleding>Zwart leer</Bekleding><KleurInterieur>Zwart</KleurInterieur><Maatsysteem>Metrisch</Maatsysteem><Taal>Frans</Taal><Onderdelen><Onderdeel Categorie="Airco"/><Onderdeel Categorie="Glovebox"/><Onderdeel Categorie="HeaterButton"/><Onderdeel Categorie="AirbagSticker"/><Onderdeel Categorie="Vizor"/><Onderdeel Categorie="Airbag"/><Onderdeel Categorie="TopCover"/><Onderdeel Categorie="Alarmknop"/><Onderdeel Categorie="HeaterButton"/></Onderdelen></Wagen></root>