<root><Wagen Mixnummer="13844936" Mixmoment="2014-10-17T06:50:15"><WagenType>P1x</WagenType><Uitvoering>RS</Uitvoering><Motor>D2</Motor><Kleur>Zwart</Kleur><Bekleding>Zwart leer</Bekleding><KleurInterieur>Cognac</KleurInterieur><Maatsysteem>Metrisch</Maatsysteem><Taal>Spaans</Taal><Onderdelen><Onderdeel Categorie="Airco"/><Onderdeel Categorie="TopCover"/><Onderdeel Categorie="Glovebox"/><Onderdeel Categorie="AirbagSticker"/><Onderdeel Categorie="Vizor"/><Onderdeel Categorie="Airbag"/><Onderdeel Categorie="Alarmknop"/></Onderdelen></Wagen></root>