<root><Wagen Mixnummer="13844952" Mixmoment="2014-10-17T06:50:31"><WagenType>P1x</WagenType><Uitvoering>R-Line</Uitvoering><Motor>T5</Motor><Kleur>Zwart</Kleur><Bekleding>Grijs leer</Bekleding><KleurInterieur>Zwart</KleurInterieur><Maatsysteem>US</Maatsysteem><Taal>Engels</Taal><Onderdelen><Onderdeel Categorie="Glovebox"/><Onderdeel Categorie="HeaterButton"/><Onderdeel Categorie="AirbagSticker"/><Onderdeel Categorie="Airbag"/><Onderdeel Categorie="Airco"/><Onderdeel Categorie="TopCover"/><Onderdeel Categorie="Alarmknop"/><Onderdeel Categorie="HeaterButton"/><Onderdeel Categorie="Vizor"/></Onderdelen></Wagen></root>