<root><Wagen Mixnummer="13844744" Mixmoment="2014-10-17T06:47:03"><WagenType>P2x</WagenType><Uitvoering>Standaard</Uitvoering><Motor>D4</Motor><Kleur>Zwart</Kleur><Bekleding>Ivoor leer</Bekleding><KleurInterieur>Zwart</KleurInterieur><Maatsysteem>Metrisch</Maatsysteem><Taal>Portugees</Taal><Onderdelen><Onderdeel Categorie="Glovebox"/><Onderdeel Categorie="HeaterButton"/><Onderdeel Categorie="Airco"/><Onderdeel Categorie="TopCover"/><Onderdeel Categorie="HeaterButton"/><Onderdeel Categorie="Vizor"/><Onderdeel Categorie="Airbag"/><Onderdeel Categorie="AirbagSticker"/><Onderdeel Categorie="Alarmknop"/></Onderdelen></Wagen></root>