<root><Wagen Mixnummer="13844881" Mixmoment="2014-10-17T06:49:20"><WagenType>P2x</WagenType><Uitvoering>Standaard</Uitvoering><Motor>D5</Motor><Kleur>Wit</Kleur><Bekleding>Grijs leer</Bekleding><KleurInterieur>Beige</KleurInterieur><Maatsysteem>US</Maatsysteem><Taal>Chinees</Taal><Onderdelen><Onderdeel Categorie="HeaterButton"/><Onderdeel Categorie="Glovebox"/><Onderdeel Categorie="AirbagSticker"/><Onderdeel Categorie="HeaterButton"/><Onderdeel Categorie="Airbag"/><Onderdeel Categorie="Airco"/><Onderdeel Categorie="TopCover"/><Onderdeel Categorie="Alarmknop"/><Onderdeel Categorie="Vizor"/></Onderdelen></Wagen></root>