<root><Wagen Mixnummer="13844987" Mixmoment="2014-10-17T06:51:06"><WagenType>P2x</WagenType><Uitvoering>Standaard</Uitvoering><Motor>D4</Motor><Kleur>Groen</Kleur><Bekleding>Grijs leer</Bekleding><KleurInterieur>Beige</KleurInterieur><Maatsysteem>Metrisch</Maatsysteem><Taal>Chinees</Taal><Onderdelen><Onderdeel Categorie="HeaterButton"/><Onderdeel Categorie="Glovebox"/><Onderdeel Categorie="Airco"/><Onderdeel Categorie="AirbagSticker"/><Onderdeel Categorie="HeaterButton"/><Onderdeel Categorie="Vizor"/><Onderdeel Categorie="Airbag"/><Onderdeel Categorie="TopCover"/><Onderdeel Categorie="Alarmknop"/></Onderdelen></Wagen></root>