<root><Wagen Mixnummer="13845181" Mixmoment="2014-10-17T06:54:20"><WagenType>P1x</WagenType><Uitvoering>Standaard</Uitvoering><Motor>D2</Motor><Kleur>Rood</Kleur><Bekleding>Zwart Stof</Bekleding><KleurInterieur>Ivoor</KleurInterieur><Maatsysteem>Metrisch</Maatsysteem><Taal>Engels</Taal><Onderdelen><Onderdeel Categorie="Airco"/><Onderdeel Categorie="HeaterButton"/><Onderdeel Categorie="AirbagSticker"/><Onderdeel Categorie="Vizor"/><Onderdeel Categorie="TopCover"/><Onderdeel Categorie="Airbag"/><Onderdeel Categorie="Alarmknop"/><Onderdeel Categorie="Glovebox"/><Onderdeel Categorie="HeaterButton"/></Onderdelen></Wagen></root>