<root><Wagen Mixnummer="13844977" Mixmoment="2014-10-17T06:50:56"><WagenType>P2x</WagenType><Uitvoering>Standaard</Uitvoering><Motor>D2</Motor><Kleur>Zilver</Kleur><Bekleding>Zwart leer</Bekleding><KleurInterieur>Antracit</KleurInterieur><Maatsysteem>Metrisch</Maatsysteem><Taal>Russisch</Taal><Onderdelen><Onderdeel Categorie="HeaterButton"/><Onderdeel Categorie="Airco"/><Onderdeel Categorie="TopCover"/><Onderdeel Categorie="Glovebox"/><Onderdeel Categorie="HeaterButton"/><Onderdeel Categorie="Vizor"/><Onderdeel Categorie="Airbag"/><Onderdeel Categorie="AirbagSticker"/><Onderdeel Categorie="Alarmknop"/></Onderdelen></Wagen></root>