<root><Wagen Mixnummer="13845143" Mixmoment="2014-10-17T06:53:42"><WagenType>P2x</WagenType><Uitvoering>RS</Uitvoering><Motor>D5</Motor><Kleur>Zwart</Kleur><Bekleding>Zwart leer</Bekleding><KleurInterieur>Beige</KleurInterieur><Maatsysteem>Metrisch</Maatsysteem><Taal>Spaans</Taal><Onderdelen><Onderdeel Categorie="HeaterButton"/><Onderdeel Categorie="Glovebox"/><Onderdeel Categorie="Airco"/><Onderdeel Categorie="HeaterButton"/><Onderdeel Categorie="Vizor"/><Onderdeel Categorie="Airbag"/><Onderdeel Categorie="AirbagSticker"/><Onderdeel Categorie="TopCover"/><Onderdeel Categorie="Alarmknop"/></Onderdelen></Wagen></root>