<root><Wagen Mixnummer="13844924" Mixmoment="2014-10-17T06:50:03"><WagenType>P1x</WagenType><Uitvoering>Standaard</Uitvoering><Motor>D3</Motor><Kleur>Groen</Kleur><Bekleding>Zwart leer</Bekleding><KleurInterieur>Beige</KleurInterieur><Maatsysteem>US</Maatsysteem><Taal>Engels</Taal><Onderdelen><Onderdeel Categorie="AirbagSticker"/><Onderdeel Categorie="Glovebox"/><Onderdeel Categorie="TopCover"/><Onderdeel Categorie="Airbag"/><Onderdeel Categorie="Airco"/><Onderdeel Categorie="Alarmknop"/><Onderdeel Categorie="Vizor"/></Onderdelen></Wagen></root>