<root><Wagen Mixnummer="13845101" Mixmoment="2014-10-17T06:53:00"><WagenType>P2x</WagenType><Uitvoering>RS</Uitvoering><Motor>T3</Motor><Kleur>Wit</Kleur><Bekleding>Zwart leer</Bekleding><KleurInterieur>Zwart</KleurInterieur><Maatsysteem>US</Maatsysteem><Taal>Duits</Taal><Onderdelen><Onderdeel Categorie="Glovebox"/><Onderdeel Categorie="TopCover"/><Onderdeel Categorie="Airbag"/><Onderdeel Categorie="Airco"/><Onderdeel Categorie="AirbagSticker"/><Onderdeel Categorie="Alarmknop"/><Onderdeel Categorie="Vizor"/></Onderdelen></Wagen></root>