<root><Wagen Mixnummer="13845039" Mixmoment="2014-10-17T06:51:58"><WagenType>P2x</WagenType><Uitvoering>Standaard</Uitvoering><Motor>D3</Motor><Kleur>Zwart</Kleur><Bekleding>Ivoor leer</Bekleding><KleurInterieur>Zwart</KleurInterieur><Maatsysteem>Metrisch</Maatsysteem><Taal>Chinees</Taal><Onderdelen><Onderdeel Categorie="Glovebox"/><Onderdeel Categorie="Airco"/><Onderdeel Categorie="AirbagSticker"/><Onderdeel Categorie="TopCover"/><Onderdeel Categorie="Vizor"/><Onderdeel Categorie="Airbag"/><Onderdeel Categorie="Alarmknop"/></Onderdelen></Wagen></root>