<root><Wagen Mixnummer="13844998" Mixmoment="2014-10-17T06:51:17"><WagenType>P1x</WagenType><Uitvoering>RS</Uitvoering><Motor>D4</Motor><Kleur>Zwart</Kleur><Bekleding>Grijs Stof</Bekleding><KleurInterieur>Ivoor</KleurInterieur><Maatsysteem>Metrisch</Maatsysteem><Taal>Russisch</Taal><Onderdelen><Onderdeel Categorie="Airco"/><Onderdeel Categorie="Vizor"/><Onderdeel Categorie="AirbagSticker"/><Onderdeel Categorie="TopCover"/><Onderdeel Categorie="Airbag"/><Onderdeel Categorie="Alarmknop"/><Onderdeel Categorie="Glovebox"/></Onderdelen></Wagen></root>