<root><Wagen Mixnummer="13844816" Mixmoment="2014-10-17T06:48:15"><WagenType>P2x</WagenType><Uitvoering>Standaard</Uitvoering><Motor>D5</Motor><Kleur>Zilver</Kleur><Bekleding>Zwart leer</Bekleding><KleurInterieur>Ivoor</KleurInterieur><Maatsysteem>Metrisch</Maatsysteem><Taal>Portugees</Taal><Onderdelen><Onderdeel Categorie="Glovebox"/><Onderdeel Categorie="HeaterButton"/><Onderdeel Categorie="Airco"/><Onderdeel Categorie="HeaterButton"/><Onderdeel Categorie="Vizor"/><Onderdeel Categorie="Airbag"/><Onderdeel Categorie="AirbagSticker"/><Onderdeel Categorie="Alarmknop"/><Onderdeel Categorie="TopCover"/></Onderdelen></Wagen></root>