<root><Wagen Mixnummer="13844759" Mixmoment="2014-10-17T06:47:18"><WagenType>P2x</WagenType><Uitvoering>Standaard</Uitvoering><Motor>T5</Motor><Kleur>Zwart</Kleur><Bekleding>Ivoor leer</Bekleding><KleurInterieur>Wit</KleurInterieur><Maatsysteem>Metrisch</Maatsysteem><Taal>Duits</Taal><Onderdelen><Onderdeel Categorie="TopCover"/><Onderdeel Categorie="Glovebox"/><Onderdeel Categorie="HeaterButton"/><Onderdeel Categorie="Airco"/><Onderdeel Categorie="HeaterButton"/><Onderdeel Categorie="Vizor"/><Onderdeel Categorie="Airbag"/><Onderdeel Categorie="AirbagSticker"/><Onderdeel Categorie="Alarmknop"/></Onderdelen></Wagen></root>