<root><Wagen Mixnummer="13844789" Mixmoment="2014-10-17T06:47:48"><WagenType>P1x</WagenType><Uitvoering>Standaard</Uitvoering><Motor>D5</Motor><Kleur>Zilver</Kleur><Bekleding>Mixed Stof</Bekleding><KleurInterieur>Cognac</KleurInterieur><Maatsysteem>Metrisch</Maatsysteem><Taal>Chinees</Taal><Onderdelen><Onderdeel Categorie="Airco"/><Onderdeel Categorie="TopCover"/><Onderdeel Categorie="Glovebox"/><Onderdeel Categorie="Vizor"/><Onderdeel Categorie="AirbagSticker"/><Onderdeel Categorie="Airbag"/><Onderdeel Categorie="Alarmknop"/></Onderdelen></Wagen></root>