<root><Wagen Mixnummer="13844810" Mixmoment="2014-10-17T06:48:09"><WagenType>P2x</WagenType><Uitvoering>Standaard</Uitvoering><Motor>D5</Motor><Kleur>Zilver</Kleur><Bekleding>Zwart leer</Bekleding><KleurInterieur>Wit</KleurInterieur><Maatsysteem>Metrisch</Maatsysteem><Taal>Frans</Taal><Onderdelen><Onderdeel Categorie="TopCover"/><Onderdeel Categorie="Glovebox"/><Onderdeel Categorie="HeaterButton"/><Onderdeel Categorie="Airco"/><Onderdeel Categorie="AirbagSticker"/><Onderdeel Categorie="HeaterButton"/><Onderdeel Categorie="Vizor"/><Onderdeel Categorie="Airbag"/><Onderdeel Categorie="Alarmknop"/></Onderdelen></Wagen></root>