<root><Wagen Mixnummer="13845064" Mixmoment="2014-10-17T06:52:23"><WagenType>P2x</WagenType><Uitvoering>R-Line</Uitvoering><Motor>D5</Motor><Kleur>Antracit</Kleur><Bekleding>Grijs Stof</Bekleding><KleurInterieur>Wit</KleurInterieur><Maatsysteem>US</Maatsysteem><Taal>Engels</Taal><Onderdelen><Onderdeel Categorie="TopCover"/><Onderdeel Categorie="Glovebox"/><Onderdeel Categorie="Airbag"/><Onderdeel Categorie="Airco"/><Onderdeel Categorie="AirbagSticker"/><Onderdeel Categorie="Alarmknop"/><Onderdeel Categorie="Vizor"/></Onderdelen></Wagen></root>